{"cameraMode":{"drawMode":0,"name":"Shaded","section":"Shading Mode"},"sceneLighting":true,"audioPlay":false,"sceneViewState":{"m_AlwaysRefresh":false,"showFog":true,"showSkybox":true,"showFlares":true,"showImageEffects":true,"showParticleSystems":true,"showVisualEffectGraphs":true,"m_FxEnabled":true},"in2DMode":false,"pivot":{"x":-0.21182918548583985,"y":4.929339408874512,"z":-23.978561401367189},"rotation":{"x":-0.07410591095685959,"y":0.6610575318336487,"z":-0.06586623936891556,"w":-0.7437580823898315},"size":7.675723552703857,"orthographic":false}