{"cameraMode":{"drawMode":0,"name":"Shaded","section":"Shading Mode"},"sceneLighting":true,"audioPlay":false,"sceneViewState":{"m_AlwaysRefresh":false,"showFog":true,"showSkybox":true,"showFlares":true,"showImageEffects":true,"showParticleSystems":true,"showVisualEffectGraphs":true,"m_FxEnabled":true},"in2DMode":false,"pivot":{"x":-3.9515326023101808,"y":0.4382495582103729,"z":-34.161216735839847},"rotation":{"x":0.048748522996902469,"y":-0.9502423405647278,"z":0.19391949474811555,"w":0.23888587951660157},"size":4.396352291107178,"orthographic":false}