{"cameraMode":{"drawMode":0,"name":"Shaded","section":"Shading Mode"},"sceneLighting":true,"audioPlay":false,"sceneViewState":{"m_AlwaysRefresh":false,"showFog":true,"showSkybox":true,"showFlares":true,"showImageEffects":true,"showParticleSystems":true,"showVisualEffectGraphs":true,"m_FxEnabled":true},"in2DMode":false,"pivot":{"x":1.5378656387329102,"y":4.711969375610352,"z":5.588935852050781},"rotation":{"x":0.002008686773478985,"y":0.9950663447380066,"z":0.09701666235923767,"w":-0.020600367337465287},"size":7.675723552703857,"orthographic":false}