{"cameraMode":{"drawMode":0,"name":"Shaded","section":"Shading Mode"},"sceneLighting":true,"audioPlay":false,"sceneViewState":{"m_AlwaysRefresh":false,"showFog":true,"showSkybox":true,"showFlares":true,"showImageEffects":true,"showParticleSystems":true,"showVisualEffectGraphs":true,"m_FxEnabled":true},"in2DMode":false,"pivot":{"x":-2.9649577140808107,"y":2.3208353519439699,"z":-10.570789337158204},"rotation":{"x":-0.014087586663663388,"y":-0.9724810123443604,"z":-0.06104510277509689,"w":0.2244114875793457},"size":8.31936264038086,"orthographic":false}