{"cameraMode":{"drawMode":0,"name":"Shaded","section":"Shading Mode"},"sceneLighting":false,"audioPlay":false,"sceneViewState":{"m_AlwaysRefresh":false,"showFog":true,"showSkybox":false,"showFlares":true,"showImageEffects":true,"showParticleSystems":true,"showVisualEffectGraphs":true,"m_FxEnabled":true},"in2DMode":false,"pivot":{"x":0.000064849853515625,"y":2.6094164848327638,"z":-0.0002951622009277344},"rotation":{"x":-0.0018382974667474628,"y":-0.9979245066642761,"z":0.03325266018509865,"w":-0.055150553584098819},"size":3.4828732013702394,"orthographic":false}