{"cameraMode":{"drawMode":0,"name":"Shaded","section":"Shading Mode"},"sceneLighting":false,"audioPlay":false,"sceneViewState":{"m_AlwaysRefresh":false,"showFog":true,"showSkybox":false,"showFlares":true,"showImageEffects":true,"showParticleSystems":true,"showVisualEffectGraphs":true,"m_FxEnabled":true},"in2DMode":false,"pivot":{"x":-0.000026702880859375,"y":4.163343906402588,"z":-0.0000629425048828125},"rotation":{"x":-0.0018382974667474628,"y":-0.9979245066642761,"z":0.03325266018509865,"w":-0.055150553584098819},"size":11.737138748168946,"orthographic":false}