{"cameraMode":{"drawMode":0,"name":"Shaded","section":"Shading Mode"},"sceneLighting":true,"audioPlay":false,"sceneViewState":{"m_AlwaysRefresh":false,"showFog":true,"showSkybox":true,"showFlares":true,"showImageEffects":true,"showParticleSystems":true,"showVisualEffectGraphs":true,"m_FxEnabled":true},"in2DMode":false,"pivot":{"x":-2.8350000381469728,"y":1.093999981880188,"z":-34.888999938964847},"rotation":{"x":-0.0007292869850061834,"y":-0.9927654266357422,"z":0.12001847475767136,"w":-0.0059812949039042},"size":0.4581150710582733,"orthographic":false}